residue_pairs,converse_pairs
ALA-ALA,ALA-ALA
ARG-ARG,ARG-ARG
ASN-ASN,ASN-ASN
ASP-ASP,ASP-ASP
CYS-CYS,CYS-CYS
GLN-GLN,GLN-GLN
GLU-GLU,GLU-GLU
GLY-GLY,GLY-GLY
HIS-HIS,HIS-HIS
ILE-ILE,ILE-ILE
LEU-LEU,LEU-LEU
LYS-LYS,LYS-LYS
MET-MET,MET-MET
PHE-PHE,PHE-PHE
PRO-PRO,PRO-PRO
SER-SER,SER-SER
THR-THR,THR-THR
TRP-TRP,TRP-TRP
TYR-TYR,TYR-TYR
VAL-VAL,VAL-VAL
GLU-GLN,GLN-GLU
GLN-ASN,ASN-GLN
GLU-ASP,ASP-GLU
GLN-ASP,ASP-GLN
ASP-ASN,ASN-ASP
SER-ALA,ALA-SER
GLU-ASN,ASN-GLU
VAL-ILE,ILE-VAL
GLY-ALA,ALA-GLY
TYR-TRP,TRP-TYR
TYR-PHE,PHE-TYR
SER-CYS,CYS-SER
THR-ASN,ASN-THR
SER-GLY,GLY-SER
THR-ASP,ASP-THR
THR-GLN,GLN-THR
GLY-CYS,CYS-GLY
THR-PRO,PRO-THR
PHE-HIS,HIS-PHE
TYR-ILE,ILE-TYR
LEU-ILE,ILE-LEU
VAL-LEU,LEU-VAL
THR-GLU,GLU-THR
ARG-ALA,ALA-ARG
CYS-ALA,ALA-CYS
THR-SER,SER-THR
TRP-MET,MET-TRP
LYS-HIS,HIS-LYS
SER-PRO,PRO-SER
HIS-ARG,ARG-HIS
SER-ASP,ASP-SER
SER-ASN,ASN-SER
MET-ILE,ILE-MET
PRO-CYS,CYS-PRO
PHE-LEU,LEU-PHE
TYR-LEU,LEU-TYR
SER-ARG,ARG-SER
TYR-MET,MET-TYR
PRO-ALA,ALA-PRO
CYS-ASP,ASP-CYS
PRO-GLY,GLY-PRO
CYS-ASN,ASN-CYS
SER-LYS,LYS-SER
THR-CYS,CYS-THR
SER-GLN,GLN-SER
VAL-MET,MET-VAL
GLY-ARG,ARG-GLY
SER-GLU,GLU-SER
SER-LEU,LEU-SER
CYS-ARG,ARG-CYS
ASN-ALA,ALA-ASN
ASP-ALA,ALA-ASP
TRP-HIS,HIS-TRP
LYS-ARG,ARG-LYS
THR-ALA,ALA-THR
PRO-ARG,ARG-PRO
GLY-ASP,ASP-GLY
PHE-LYS,LYS-PHE
SER-ILE,ILE-SER
GLY-ASN,ASN-GLY
THR-GLY,GLY-THR
LYS-ALA,ALA-LYS
PRO-LYS,LYS-PRO
GLU-ALA,ALA-GLU
PRO-ASN,ASN-PRO
THR-HIS,HIS-THR
MET-CYS,CYS-MET
LEU-ALA,ALA-LEU
GLN-ARG,ARG-GLN
TRP-ILE,ILE-TRP
TRP-PHE,PHE-TRP
ILE-CYS,CYS-ILE
MET-ARG,ARG-MET
PRO-ASP,ASP-PRO
THR-LYS,LYS-THR
TRP-LYS,LYS-TRP
SER-HIS,HIS-SER
VAL-CYS,CYS-VAL
GLN-ALA,ALA-GLN
GLY-GLU,GLU-GLY
MET-HIS,HIS-MET
TYR-HIS,HIS-TYR
LEU-ASN,ASN-LEU
ILE-GLY,GLY-ILE
LYS-CYS,CYS-LYS
GLU-ARG,ARG-GLU
LEU-ASP,ASP-LEU
MET-LYS,LYS-MET
LYS-ASP,ASP-LYS
LYS-GLY,GLY-LYS
ILE-ALA,ALA-ILE
LYS-GLN,GLN-LYS
LYS-ILE,ILE-LYS
VAL-LYS,LYS-VAL
PRO-GLN,GLN-PRO
GLY-GLN,GLN-GLY
VAL-PRO,PRO-VAL
PRO-LEU,LEU-PRO
VAL-ALA,ALA-VAL
LYS-ASN,ASN-LYS
MET-ALA,ALA-MET
MET-LEU,LEU-MET
THR-ARG,ARG-THR
TRP-LEU,LEU-TRP
LEU-GLY,GLY-LEU
TYR-LYS,LYS-TYR
HIS-CYS,CYS-HIS
LYS-GLU,GLU-LYS
PRO-GLU,GLU-PRO
GLU-CYS,CYS-GLU
LEU-CYS,CYS-LEU
GLN-CYS,CYS-GLN
VAL-THR,THR-VAL
LEU-GLU,GLU-LEU
THR-MET,MET-THR
ASN-ARG,ARG-ASN
HIS-ALA,ALA-HIS
ASP-ARG,ARG-ASP
VAL-SER,SER-VAL
HIS-GLU,GLU-HIS
HIS-GLN,GLN-HIS
HIS-ASP,ASP-HIS
LEU-GLN,GLN-LEU
PRO-HIS,HIS-PRO
VAL-GLY,GLY-VAL
HIS-ASN,ASN-HIS
HIS-GLY,GLY-HIS
LYS-LEU,LEU-LYS
THR-LEU,LEU-THR
SER-MET,MET-SER
VAL-TYR,TYR-VAL
PHE-ALA,ALA-PHE
MET-GLY,GLY-MET
VAL-ARG,ARG-VAL
PHE-ASP,ASP-PHE
PRO-ILE,ILE-PRO
PHE-ARG,ARG-PHE
VAL-PHE,PHE-VAL
TRP-ARG,ARG-TRP
ILE-ASP,ASP-ILE
VAL-ASN,ASN-VAL
PHE-GLY,GLY-PHE
ILE-ASN,ASN-ILE
VAL-ASP,ASP-VAL
ILE-GLU,GLU-ILE
THR-ILE,ILE-THR
VAL-HIS,HIS-VAL
MET-ASP,ASP-MET
PHE-GLN,GLN-PHE
PHE-CYS,CYS-PHE
VAL-GLU,GLU-VAL
MET-ASN,ASN-MET
SER-PHE,PHE-SER
LEU-HIS,HIS-LEU
PHE-ASN,ASN-PHE
PRO-MET,MET-PRO
ILE-GLN,GLN-ILE
MET-GLN,GLN-MET
TYR-CYS,CYS-TYR
MET-GLU,GLU-MET
PHE-GLU,GLU-PHE
VAL-TRP,TRP-VAL
LEU-ARG,ARG-LEU
TRP-ALA,ALA-TRP
VAL-GLN,GLN-VAL
TYR-ALA,ALA-TYR
ILE-ARG,ARG-ILE
THR-PHE,PHE-THR
TYR-SER,SER-TYR
ILE-HIS,HIS-ILE
TYR-ARG,ARG-TYR
TRP-GLY,GLY-TRP
TYR-PRO,PRO-TYR
TYR-GLY,GLY-TYR
TYR-THR,THR-TYR
TRP-SER,SER-TRP
TYR-ASP,ASP-TYR
TYR-ASN,ASN-TYR
PHE-MET,MET-PHE
TRP-PRO,PRO-TRP
TYR-GLU,GLU-TYR
PRO-PHE,PHE-PRO
TYR-GLN,GLN-TYR
TRP-CYS,CYS-TRP
TRP-THR,THR-TRP
TRP-ASP,ASP-TRP
PHE-ILE,ILE-PHE
TRP-ASN,ASN-TRP
TRP-GLU,GLU-TRP
TRP-GLN,GLN-TRP
